Season,Tour,Date,Time,Opponent,HoAw,ArsenalScore,OpponentScore,Stadium,Attendance,Coach,Referee,MatchID
2017/18,1,2017-08-11,2024-03-25T20:45:00.000Z,Leicester,home,4,3,Emirates Stadium,59387,Arsène Wenger,Mike Dean,0
2017/18,2,2017-08-19,2024-03-25T18:30:00.000Z,Stoke City,away,0,1,bet365 Stadium,29459,Arsène Wenger,Andre Marriner,1
2017/18,3,2017-08-27,2024-03-25T17:00:00.000Z,Liverpool,away,0,4,Anfield,53206,Arsène Wenger,Craig Pawson,2
2017/18,4,2017-09-09,2024-03-25T16:00:00.000Z,Bournemouth,home,3,0,Emirates Stadium,59262,Arsène Wenger,Anthony Taylor,3
2017/18,5,2017-09-17,2024-03-25T14:30:00.000Z,Chelsea,away,0,0,Stamford Bridge,41478,Arsène Wenger,Michael Oliver,4
2017/18,6,2017-09-25,2024-03-25T21:00:00.000Z,West Brom,home,2,0,Emirates Stadium,59134,Arsène Wenger,Bobby Madley,5
2017/18,7,2017-10-01,2024-03-25T13:00:00.000Z,Brighton,home,2,0,Emirates Stadium,59378,Arsène Wenger,Kevin Friend,6
2017/18,8,2017-10-14,2024-03-25T18:30:00.000Z,Watford,away,1,2,Vicarage Road,20384,Arsène Wenger,Neil Swarbrick,7
2017/18,9,2017-10-22,2024-03-25T14:30:00.000Z,Everton,away,5,2,Goodison Park,39189,Arsène Wenger,Craig Pawson,8
2017/18,10,2017-10-28,2024-03-25T16:00:00.000Z,Swansea,home,2,1,Emirates Stadium,59493,Arsène Wenger,Lee Mason,9
2017/18,11,2017-11-05,2024-03-25T15:15:00.000Z,Man City,away,1,3,Etihad Stadium,54286,Arsène Wenger,Michael Oliver,10
2017/18,12,2017-11-18,2024-03-25T13:30:00.000Z,Tottenham,home,2,0,Emirates Stadium,59530,Arsène Wenger,Mike Dean,11
2017/18,13,2017-11-26,2024-03-25T15:00:00.000Z,Burnley,away,1,0,Turf Moor,21722,Arsène Wenger,Lee Mason,12
2017/18,14,2017-11-29,2024-03-25T20:45:00.000Z,Huddersfield,home,5,0,Emirates Stadium,59285,Arsène Wenger,Graham Scott,13
2017/18,15,2017-12-02,2024-03-25T18:30:00.000Z,Man Utd,home,1,3,Emirates Stadium,59547,Arsène Wenger,Andre Marriner,14
2017/18,16,2017-12-10,2024-03-25T13:00:00.000Z,Southampton,away,1,1,St Mary's Stadium,31643,Arsène Wenger,Bobby Madley,15
2017/18,17,2017-12-13,2024-03-25T21:00:00.000Z,West Ham,away,0,0,London Stadium,56925,Arsène Wenger,Jonathan Moss,16
2017/18,18,2017-12-16,2024-03-25T16:00:00.000Z,Newcastle,home,1,0,Emirates Stadium,59379,Arsène Wenger,Stuart Attwell,17
2017/18,19,2017-12-22,2024-03-25T20:45:00.000Z,Liverpool,home,3,3,Emirates Stadium,59409,Arsène Wenger,Martin Atkinson,18
2017/18,20,2017-12-28,2024-03-25T21:00:00.000Z,Crystal Palace,away,3,2,Selhurst Park,25762,Arsène Wenger,Michael Oliver,19
2017/18,21,2017-12-31,2024-03-25T17:30:00.000Z,West Brom,away,1,1,The Hawthorns,26233,Arsène Wenger,Mike Dean,20
2017/18,22,2018-01-03,2024-03-25T20:45:00.000Z,Chelsea,home,2,2,Emirates Stadium,59379,Arsène Wenger,Anthony Taylor,21
2017/18,23,2018-01-14,2024-03-25T14:30:00.000Z,Bournemouth,away,1,2,Vitality Stadium,10836,Arsène Wenger,Kevin Friend,22
2017/18,24,2018-01-20,2024-03-25T16:00:00.000Z,Crystal Palace,home,4,1,Emirates Stadium,59386,Arsène Wenger,Chris Kavanagh,23
2017/18,25,2018-01-30,2024-03-25T20:45:00.000Z,Swansea,away,1,3,Swansea.com Stadium,20819,Arsène Wenger,Lee Mason,24
2017/18,26,2018-02-03,2024-03-25T18:30:00.000Z,Everton,home,5,1,Emirates Stadium,59306,Arsène Wenger,Neil Swarbrick,25
2017/18,27,2018-02-10,2024-03-25T13:30:00.000Z,Tottenham,away,0,1,Wembley Stadium,83222,Arsène Wenger,Anthony Taylor,26
2017/18,28,2018-03-01,2024-03-25T20:45:00.000Z,Man City,home,0,3,Emirates Stadium,58420,Arsène Wenger,Andre Marriner,27
2017/18,29,2018-03-04,2024-03-25T14:30:00.000Z,Brighton,away,1,2,AMEX Stadium,30620,Arsène Wenger,Stuart Attwell,28
2017/18,30,2018-03-11,2024-03-25T14:30:00.000Z,Watford,home,3,0,Emirates Stadium,59131,Arsène Wenger,Martin Atkinson,29
2017/18,32,2018-04-01,2024-03-25T14:30:00.000Z,Stoke City,home,3,0,Emirates Stadium,59371,Arsène Wenger,Craig Pawson,30
2017/18,33,2018-04-08,2024-03-25T15:15:00.000Z,Southampton,home,3,2,Emirates Stadium,59374,Arsène Wenger,Andre Marriner,31
2017/18,34,2018-04-15,2024-03-25T14:30:00.000Z,Newcastle,away,1,2,St James' Park,52210,Arsène Wenger,Anthony Taylor,32
2017/18,35,2018-04-22,2024-03-25T14:30:00.000Z,West Ham,home,4,1,Emirates Stadium,59422,Arsène Wenger,Lee Mason,33
2017/18,36,2018-04-29,2024-03-25T17:30:00.000Z,Man Utd,away,1,2,Old Trafford,75035,Arsène Wenger,Kevin Friend,34
2017/18,37,2018-05-06,2024-03-25T17:30:00.000Z,Burnley,home,5,0,Emirates Stadium,59540,Arsène Wenger,Andre Marriner,35
2017/18,31,2018-05-09,2024-03-25T20:45:00.000Z,Leicester,away,1,3,King Power Stadium,32095,Arsène Wenger,Graham Scott,36
2017/18,38,2018-05-13,2024-03-25T16:00:00.000Z,Huddersfield,away,1,0,John Smith's Stadium,24122,Arsène Wenger,Michael Oliver,37
2018/19,1,2018-08-12,2024-03-25T17:00:00.000Z,Man City,home,0,2,Emirates Stadium,59934,Unai Emery,Michael Oliver,38
2018/19,2,2018-08-18,2024-03-25T18:30:00.000Z,Chelsea,away,2,3,Stamford Bridge,40491,Unai Emery,Martin Atkinson,39
2018/19,3,2018-08-25,2024-03-25T16:00:00.000Z,West Ham,home,3,1,Emirates Stadium,59830,Unai Emery,Graham Scott,40
2018/19,4,2018-09-02,2024-03-25T14:30:00.000Z,Cardiff,away,3,2,Cardiff City Stadium,32316,Unai Emery,Anthony Taylor,41
2018/19,5,2018-09-15,2024-03-25T16:00:00.000Z,Newcastle,away,2,1,St James' Park,52165,Unai Emery,Lee Probert,42
2018/19,6,2018-09-23,2024-03-25T17:00:00.000Z,Everton,home,2,0,Emirates Stadium,59964,Unai Emery,Jonathan Moss,43
2018/19,7,2018-09-29,2024-03-25T16:00:00.000Z,Watford,home,2,0,Emirates Stadium,60019,Unai Emery,Anthony Taylor,44
2018/19,8,2018-10-07,2024-03-25T13:00:00.000Z,Fulham,away,5,1,Craven Cottage,25401,Unai Emery,Paul Tierney,45
2018/19,9,2018-10-22,2024-03-25T21:00:00.000Z,Leicester,home,3,1,Emirates Stadium,59886,Unai Emery,Chris Kavanagh,46
2018/19,10,2018-10-28,2024-03-25T14:30:00.000Z,Crystal Palace,away,2,2,Selhurst Park,25718,Unai Emery,Martin Atkinson,47
2018/19,11,2018-11-03,2024-03-25T18:30:00.000Z,Liverpool,home,1,1,Emirates Stadium,59993,Unai Emery,Andre Marriner,48
2018/19,12,2018-11-11,2024-03-25T17:30:00.000Z,Wolves,home,1,1,Emirates Stadium,60030,Unai Emery,Stuart Attwell,49
2018/19,13,2018-11-25,2024-03-25T14:30:00.000Z,Bournemouth,away,2,1,Vitality Stadium,10792,Unai Emery,Craig Pawson,50
2018/19,14,2018-12-02,2024-03-25T15:05:00.000Z,Tottenham,home,4,2,Emirates Stadium,59973,Unai Emery,Mike Dean,51
2018/19,15,2018-12-05,2024-03-25T21:00:00.000Z,Man Utd,away,2,2,Old Trafford,74507,Unai Emery,Andre Marriner,52
2018/19,16,2018-12-08,2024-03-25T16:00:00.000Z,Huddersfield,home,1,0,Emirates Stadium,59893,Unai Emery,Paul Tierney,53
2018/19,17,2018-12-16,2024-03-25T14:30:00.000Z,Southampton,away,2,3,St Mary's Stadium,29497,Unai Emery,Chris Kavanagh,54
2018/19,18,2018-12-22,2024-03-25T13:30:00.000Z,Burnley,home,3,1,Emirates Stadium,59493,Unai Emery,Kevin Friend,55
2018/19,19,2018-12-26,2024-03-25T18:15:00.000Z,Brighton,away,1,1,AMEX Stadium,30608,Unai Emery,Anthony Taylor,56
2018/19,20,2018-12-29,2024-03-25T18:30:00.000Z,Liverpool,away,1,5,Anfield,53326,Unai Emery,Michael Oliver,57
2018/19,21,2019-01-01,2024-03-25T16:00:00.000Z,Fulham,home,4,1,Emirates Stadium,59887,Unai Emery,Graham Scott,58
2018/19,22,2019-01-12,2024-03-25T13:30:00.000Z,West Ham,away,0,1,London Stadium,59946,Unai Emery,Jonathan Moss,59
2018/19,23,2019-01-19,2024-03-25T18:30:00.000Z,Chelsea,home,2,0,Emirates Stadium,59979,Unai Emery,Anthony Taylor,60
2018/19,24,2019-01-29,2024-03-25T20:45:00.000Z,Cardiff,home,2,1,Emirates Stadium,59933,Unai Emery,Mike Dean,61
2018/19,25,2019-02-03,2024-03-25T17:30:00.000Z,Man City,away,1,3,Etihad Stadium,54483,Unai Emery,Martin Atkinson,62
2018/19,26,2019-02-09,2024-03-25T16:00:00.000Z,Huddersfield,away,2,1,John Smith's Stadium,24182,Unai Emery,Jonathan Moss,63
2018/19,27,2019-02-24,2024-03-25T15:05:00.000Z,Southampton,home,2,0,Emirates Stadium,59877,Unai Emery,Graham Scott,64
2018/19,28,2019-02-27,2024-03-25T20:45:00.000Z,Bournemouth,home,5,1,Emirates Stadium,59618,Unai Emery,Chris Kavanagh,65
2018/19,29,2019-03-02,2024-03-25T13:30:00.000Z,Tottenham,away,1,1,Wembley Stadium,81332,Unai Emery,Anthony Taylor,66
2018/19,30,2019-03-10,2024-03-25T17:30:00.000Z,Man Utd,home,2,0,Emirates Stadium,60000,Unai Emery,Jonathan Moss,67
2018/19,32,2019-04-01,2024-03-25T21:00:00.000Z,Newcastle,home,2,0,Emirates Stadium,59869,Unai Emery,Anthony Taylor,68
2018/19,33,2019-04-07,2024-03-25T15:05:00.000Z,Everton,away,0,1,Goodison Park,39400,Unai Emery,Kevin Friend,69
2018/19,34,2019-04-15,2024-03-25T21:00:00.000Z,Watford,away,1,0,Vicarage Road,20480,Unai Emery,Craig Pawson,70
2018/19,35,2019-04-21,2024-03-25T17:00:00.000Z,Crystal Palace,home,2,3,Emirates Stadium,59929,Unai Emery,Jonathan Moss,71
2018/19,31,2019-04-24,2024-03-25T20:45:00.000Z,Wolves,away,1,3,Molineux Stadium,31436,Unai Emery,Stuart Attwell,72
2018/19,36,2019-04-28,2024-03-25T13:00:00.000Z,Leicester,away,0,3,King Power Stadium,32037,Unai Emery,Michael Oliver,73
2018/19,37,2019-05-05,2024-03-25T17:30:00.000Z,Brighton,home,1,1,Emirates Stadium,59965,Unai Emery,Anthony Taylor,74
2018/19,38,2019-05-12,2024-03-25T16:00:00.000Z,Burnley,away,3,1,Turf Moor,21461,Unai Emery,Mike Dean,75
2019/20,1,2019-08-11,2024-03-25T15:00:00.000Z,Newcastle,away,1,0,St James' Park,47635,Unai Emery,Martin Atkinson,76
2019/20,2,2019-08-17,2024-03-25T13:30:00.000Z,Burnley,home,2,1,Emirates Stadium,60214,Unai Emery,Mike Dean,77
2019/20,3,2019-08-24,2024-03-25T18:30:00.000Z,Liverpool,away,1,3,Anfield,53298,Unai Emery,Anthony Taylor,78
2019/20,4,2019-09-01,2024-03-25T17:30:00.000Z,Tottenham,home,2,2,Emirates Stadium,60333,Unai Emery,Martin Atkinson,79
2019/20,5,2019-09-15,2024-03-25T17:30:00.000Z,Watford,away,2,2,Vicarage Road,21360,Unai Emery,Anthony Taylor,80
2019/20,6,2019-09-22,2024-03-25T17:30:00.000Z,Aston Villa,home,3,2,Emirates Stadium,60331,Unai Emery,Jonathan Moss,81
2019/20,7,2019-09-30,2024-03-25T21:00:00.000Z,Man Utd,away,1,1,Old Trafford,73201,Unai Emery,Kevin Friend,82
2019/20,8,2019-10-06,2024-03-25T15:00:00.000Z,Bournemouth,home,1,0,Emirates Stadium,60326,Unai Emery,Martin Atkinson,83
2019/20,9,2019-10-21,2024-03-25T21:00:00.000Z,Sheff Utd,away,0,1,Bramall Lane,30775,Unai Emery,Mike Dean,84
2019/20,10,2019-10-27,2024-03-25T17:30:00.000Z,Crystal Palace,home,2,2,Emirates Stadium,60345,Unai Emery,Martin Atkinson,85
2019/20,11,2019-11-02,2024-03-25T16:00:00.000Z,Wolves,home,1,1,Emirates Stadium,60383,Unai Emery,Michael Oliver,86
2019/20,12,2019-11-09,2024-03-25T18:30:00.000Z,Leicester,away,0,2,King Power Stadium,32209,Unai Emery,Chris Kavanagh,87
2019/20,13,2019-11-23,2024-03-25T16:00:00.000Z,Southampton,home,2,2,Emirates Stadium,60295,Unai Emery,Stuart Attwell,88
2019/20,14,2019-12-01,2024-03-25T15:00:00.000Z,Norwich,away,2,2,Carrow Road,27067,Freddie Ljungberg,Paul Tierney,89
2019/20,15,2019-12-05,2024-03-25T21:15:00.000Z,Brighton,home,1,2,Emirates Stadium,60164,Freddie Ljungberg,Graham Scott,90
2019/20,16,2019-12-09,2024-03-25T21:00:00.000Z,West Ham,away,3,1,London Stadium,59936,Freddie Ljungberg,Mike Dean,91
2019/20,17,2019-12-15,2024-03-25T17:30:00.000Z,Man City,home,0,3,Emirates Stadium,60031,Freddie Ljungberg,Paul Tierney,92
2019/20,18,2019-12-21,2024-03-25T13:30:00.000Z,Everton,away,0,0,Goodison Park,39336,Freddie Ljungberg,Kevin Friend,93
2019/20,19,2019-12-26,2024-03-25T16:00:00.000Z,Bournemouth,away,1,1,Vitality Stadium,10234,Mikel Arteta,Stuart Attwell,94
2019/20,20,2019-12-29,2024-03-25T15:00:00.000Z,Chelsea,home,1,2,Emirates Stadium,60309,Mikel Arteta,Craig Pawson,95
2019/20,21,2020-01-01,2024-03-25T21:00:00.000Z,Man Utd,home,2,0,Emirates Stadium,60328,Mikel Arteta,Chris Kavanagh,96
2019/20,22,2020-01-11,2024-03-25T13:30:00.000Z,Crystal Palace,away,1,1,Selhurst Park,25468,Mikel Arteta,Paul Tierney,97
2019/20,23,2020-01-18,2024-03-25T16:00:00.000Z,Sheff Utd,home,1,1,Emirates Stadium,60310,Mikel Arteta,Mike Dean,98
2019/20,24,2020-01-21,2024-03-25T21:15:00.000Z,Chelsea,away,2,2,Stamford Bridge,40577,Mikel Arteta,Stuart Attwell,99
2019/20,25,2020-02-02,2024-03-25T15:00:00.000Z,Burnley,away,0,0,Turf Moor,21048,Mikel Arteta,Chris Kavanagh,100
2019/20,26,2020-02-16,2024-03-25T17:30:00.000Z,Newcastle,home,4,0,Emirates Stadium,60188,Mikel Arteta,Lee Mason,101
2019/20,27,2020-02-23,2024-03-25T17:30:00.000Z,Everton,home,3,2,Emirates Stadium,60296,Mikel Arteta,Stuart Attwell,102
2019/20,29,2020-03-07,2024-03-25T16:00:00.000Z,West Ham,home,1,0,Emirates Stadium,60335,Mikel Arteta,Martin Atkinson,103
2019/20,28,2020-06-17,2024-03-25T21:15:00.000Z,Man City,away,0,3,Etihad Stadium,0,Mikel Arteta,Anthony Taylor,104
2019/20,30,2020-06-20,2024-03-25T16:00:00.000Z,Brighton,away,1,2,AMEX Stadium,0,Mikel Arteta,Martin Atkinson,105
2019/20,31,2020-06-25,2024-03-25T19:00:00.000Z,Southampton,away,2,0,St Mary's Stadium,0,Mikel Arteta,Graham Scott,106
2019/20,32,2020-07-01,2024-03-25T19:00:00.000Z,Norwich,home,4,0,Emirates Stadium,0,Mikel Arteta,Peter Bankes,107
2019/20,33,2020-07-04,2024-03-25T18:30:00.000Z,Wolves,away,2,0,Molineux Stadium,0,Mikel Arteta,Michael Oliver,108
2019/20,34,2020-07-07,2024-03-25T21:15:00.000Z,Leicester,home,1,1,Emirates Stadium,0,Mikel Arteta,Chris Kavanagh,109
2019/20,35,2020-07-12,2024-03-25T17:30:00.000Z,Tottenham,away,1,2,Tottenham Hotspur Stadium,0,Mikel Arteta,Michael Oliver,110
2019/20,36,2020-07-15,2024-03-25T21:15:00.000Z,Liverpool,home,2,1,Emirates Stadium,0,Mikel Arteta,Paul Tierney,111
2019/20,37,2020-07-21,2024-03-25T21:15:00.000Z,Aston Villa,away,0,1,Villa Park,0,Mikel Arteta,Chris Kavanagh,112
2019/20,38,2020-07-26,2024-03-25T17:00:00.000Z,Watford,home,3,2,Emirates Stadium,0,Mikel Arteta,Mike Dean,113
2020/21,1,2020-09-12,2024-03-25T13:30:00.000Z,Fulham,away,3,0,Craven Cottage,0,Mikel Arteta,Chris Kavanagh,114
2020/21,2,2020-09-19,2024-03-25T21:00:00.000Z,West Ham,home,2,1,Emirates Stadium,0,Mikel Arteta,Michael Oliver,115
2020/21,3,2020-09-28,2024-03-25T21:00:00.000Z,Liverpool,away,1,3,Anfield,0,Mikel Arteta,Craig Pawson,116
2020/21,4,2020-10-04,2024-03-25T15:00:00.000Z,Sheff Utd,home,2,1,Emirates Stadium,0,Mikel Arteta,Lee Mason,117
2020/21,5,2020-10-17,2024-03-25T18:30:00.000Z,Man City,away,0,1,Etihad Stadium,0,Mikel Arteta,Chris Kavanagh,118
2020/21,6,2020-10-25,2024-03-25T20:15:00.000Z,Leicester,home,0,1,Emirates Stadium,0,Mikel Arteta,Craig Pawson,119
2020/21,7,2020-11-01,2024-03-25T17:30:00.000Z,Man Utd,away,1,0,Old Trafford,0,Mikel Arteta,Mike Dean,120
2020/21,8,2020-11-08,2024-03-25T20:15:00.000Z,Aston Villa,home,0,3,Emirates Stadium,0,Mikel Arteta,Martin Atkinson,121
2020/21,9,2020-11-22,2024-03-25T17:30:00.000Z,Leeds,away,0,0,Elland Road,0,Mikel Arteta,Anthony Taylor,122
2020/21,10,2020-11-29,2024-03-25T20:15:00.000Z,Wolves,home,1,2,Emirates Stadium,0,Mikel Arteta,Michael Oliver,123
2020/21,11,2020-12-06,2024-03-25T17:30:00.000Z,Tottenham,away,0,2,Tottenham Hotspur Stadium,2000,Mikel Arteta,Martin Atkinson,124
2020/21,12,2020-12-13,2024-03-25T20:15:00.000Z,Burnley,home,0,1,Emirates Stadium,0,Mikel Arteta,Graham Scott,125
2020/21,13,2020-12-16,2024-03-25T19:00:00.000Z,Southampton,home,1,1,Emirates Stadium,0,Mikel Arteta,Paul Tierney,126
2020/21,14,2020-12-19,2024-03-25T18:30:00.000Z,Everton,away,1,2,Goodison Park,2000,Mikel Arteta,Andre Marriner,127
2020/21,15,2020-12-26,2024-03-25T18:30:00.000Z,Chelsea,home,3,1,Emirates Stadium,0,Mikel Arteta,Michael Oliver,128
2020/21,16,2020-12-29,2024-03-25T19:00:00.000Z,Brighton,away,1,0,AMEX Stadium,0,Mikel Arteta,Martin Atkinson,129
2020/21,17,2021-01-02,2024-03-25T21:00:00.000Z,West Brom,away,4,0,The Hawthorns,0,Mikel Arteta,Martin Atkinson,130
2020/21,18,2021-01-14,2024-03-25T21:00:00.000Z,Crystal Palace,home,0,0,Emirates Stadium,0,Mikel Arteta,Andre Marriner,131
2020/21,19,2021-01-18,2024-03-25T21:00:00.000Z,Newcastle,home,3,0,Emirates Stadium,0,Mikel Arteta,David Coote,132
2020/21,20,2021-01-26,2024-03-25T21:15:00.000Z,Southampton,away,3,1,St Mary's Stadium,0,Mikel Arteta,Kevin Friend,133
2020/21,21,2021-01-30,2024-03-25T18:30:00.000Z,Man Utd,home,0,0,Emirates Stadium,0,Mikel Arteta,Michael Oliver,134
2020/21,22,2021-02-02,2024-03-25T19:00:00.000Z,Wolves,away,1,2,Molineux Stadium,0,Mikel Arteta,Craig Pawson,135
2020/21,23,2021-02-06,2024-03-25T13:30:00.000Z,Aston Villa,away,0,1,Villa Park,0,Mikel Arteta,Chris Kavanagh,136
2020/21,24,2021-02-14,2024-03-25T17:30:00.000Z,Leeds,home,4,2,Emirates Stadium,0,Mikel Arteta,Stuart Attwell,137
2020/21,25,2021-02-21,2024-03-25T17:30:00.000Z,Man City,home,0,1,Emirates Stadium,0,Mikel Arteta,Jonathan Moss,138
2020/21,26,2021-02-28,2024-03-25T13:00:00.000Z,Leicester,away,3,1,King Power Stadium,0,Mikel Arteta,Paul Tierney,139
2020/21,27,2021-03-06,2024-03-25T13:30:00.000Z,Burnley,away,1,1,Turf Moor,0,Mikel Arteta,Andre Marriner,140
2020/21,28,2021-03-14,2024-03-25T17:30:00.000Z,Tottenham,home,2,1,Emirates Stadium,0,Mikel Arteta,Michael Oliver,141
2020/21,29,2021-03-21,2024-03-25T16:00:00.000Z,West Ham,away,3,3,London Stadium,0,Mikel Arteta,Jonathan Moss,142
2020/21,30,2021-04-03,2024-03-25T21:00:00.000Z,Liverpool,home,0,3,Emirates Stadium,0,Mikel Arteta,Stuart Attwell,143
2020/21,31,2021-04-11,2024-03-25T20:00:00.000Z,Sheff Utd,away,3,0,Bramall Lane,0,Mikel Arteta,Peter Bankes,144
2020/21,32,2021-04-18,2024-03-25T14:30:00.000Z,Fulham,home,1,1,Emirates Stadium,0,Mikel Arteta,Craig Pawson,145
2020/21,33,2021-04-23,2024-03-25T21:00:00.000Z,Everton,home,0,1,Emirates Stadium,0,Mikel Arteta,Jonathan Moss,146
2020/21,34,2021-05-02,2024-03-25T15:00:00.000Z,Newcastle,away,2,0,St James' Park,0,Mikel Arteta,Mike Dean,147
2020/21,35,2021-05-09,2024-03-25T20:00:00.000Z,West Brom,home,3,1,Emirates Stadium,0,Mikel Arteta,Peter Bankes,148
2020/21,36,2021-05-12,2024-03-25T21:15:00.000Z,Chelsea,away,1,0,Stamford Bridge,0,Mikel Arteta,Andre Marriner,149
2020/21,37,2021-05-19,2024-03-25T20:00:00.000Z,Crystal Palace,away,3,1,Selhurst Park,6500,Mikel Arteta,Anthony Taylor,150
2020/21,38,2021-05-23,2024-03-25T17:00:00.000Z,Brighton,home,2,0,Emirates Stadium,10000,Mikel Arteta,Jonathan Moss,151
2021/22,1,2021-08-13,2024-03-25T21:00:00.000Z,Brentford,away,0,2,Brentford Community Stadium  ,16479,Mikel Arteta,Michael Oliver,152
2021/22,2,2021-08-22,2024-03-25T17:30:00.000Z,Chelsea,home,0,2,Emirates Stadium,58729,Mikel Arteta,Paul Tierney,153
2021/22,3,2021-08-28,2024-03-25T13:30:00.000Z,Man City,away,0,5,Etihad Stadium,52276,Mikel Arteta,Martin Atkinson,154
2021/22,4,2021-09-11,2024-03-25T16:00:00.000Z,Norwich,home,1,0,Emirates Stadium,60000,Mikel Arteta,Michael Oliver,155
2021/22,5,2021-09-18,2024-03-25T16:00:00.000Z,Burnley,away,1,0,Turf Moor,21944,Mikel Arteta,Anthony Taylor,156
2021/22,6,2021-09-26,2024-03-25T17:30:00.000Z,Tottenham,home,3,1,Emirates Stadium,59919,Mikel Arteta,Craig Pawson,157
2021/22,7,2021-10-02,2024-03-25T18:30:00.000Z,Brighton,away,0,0,AMEX Stadium,31266,Mikel Arteta,Jonathan Moss,158
2021/22,8,2021-10-18,2024-03-25T21:00:00.000Z,Crystal Palace,home,2,2,Emirates Stadium,59475,Mikel Arteta,Mike Dean,159
2021/22,9,2021-10-22,2024-03-25T21:00:00.000Z,Aston Villa,home,3,1,Emirates Stadium,59496,Mikel Arteta,Craig Pawson,160
2021/22,10,2021-10-30,2024-03-25T13:30:00.000Z,Leicester,away,2,0,King Power Stadium,32209,Mikel Arteta,Michael Oliver,161
2021/22,11,2021-11-07,2024-03-25T15:00:00.000Z,Watford,home,1,0,Emirates Stadium,59833,Mikel Arteta,Kevin Friend,162
2021/22,12,2021-11-20,2024-03-25T18:30:00.000Z,Liverpool,away,0,4,Anfield,53092,Mikel Arteta,Michael Oliver,163
2021/22,13,2021-11-27,2024-03-25T13:30:00.000Z,Newcastle,home,2,0,Emirates Stadium,59886,Mikel Arteta,Stuart Attwell,164
2021/22,14,2021-12-02,2024-03-25T21:15:00.000Z,Man Utd,away,2,3,Old Trafford,73123,Mikel Arteta,Martin Atkinson,165
2021/22,15,2021-12-06,2024-03-25T21:00:00.000Z,Everton,away,1,2,Goodison Park,38906,Mikel Arteta,Mike Dean,166
2021/22,16,2021-12-11,2024-03-25T16:00:00.000Z,Southampton,home,3,0,Emirates Stadium,59653,Mikel Arteta,Jarred Gillett,167
2021/22,17,2021-12-15,2024-03-25T21:00:00.000Z,West Ham,home,2,0,Emirates Stadium,59777,Mikel Arteta,Anthony Taylor,168
2021/22,18,2021-12-18,2024-03-25T18:30:00.000Z,Leeds,away,4,1,Elland Road,36166,Mikel Arteta,Andre Marriner,169
2021/22,19,2021-12-26,2024-03-25T16:00:00.000Z,Norwich,away,5,0,Carrow Road,26940,Mikel Arteta,Graham Scott,170
2021/22,21,2022-01-01,2024-03-25T13:30:00.000Z,Man City,home,1,2,Emirates Stadium,59757,Albert Stuivenberg,Stuart Attwell,171
2021/22,23,2022-01-23,2024-03-25T15:00:00.000Z,Burnley,home,0,0,Emirates Stadium,59255,Mikel Arteta,David Coote,172
2021/22,24,2022-02-10,2024-03-25T20:45:00.000Z,Wolves,away,1,0,Molineux Stadium,31523,Mikel Arteta,Michael Oliver,173
2021/22,26,2022-02-19,2024-03-25T16:00:00.000Z,Brentford,home,2,1,Emirates Stadium,60015,Mikel Arteta,Jonathan Moss,174
2021/22,20,2022-02-24,2024-03-25T20:45:00.000Z,Wolves,home,2,1,Emirates Stadium,59888,Mikel Arteta,Martin Atkinson,175
2021/22,28,2022-03-06,2024-03-25T15:00:00.000Z,Watford,away,3,2,Vicarage Road,21142,Mikel Arteta,Craig Pawson,176
2021/22,29,2022-03-13,2024-03-25T17:30:00.000Z,Leicester,home,2,0,Emirates Stadium,60111,Mikel Arteta,Anthony Taylor,177
2021/22,27,2022-03-16,2024-03-25T21:15:00.000Z,Liverpool,home,0,2,Emirates Stadium,59968,Mikel Arteta,Andre Marriner,178
2021/22,30,2022-03-19,2024-03-25T13:30:00.000Z,Aston Villa,away,1,0,Villa Park,41956,Mikel Arteta,Andrew Madley,179
2021/22,31,2022-04-04,2024-03-25T21:00:00.000Z,Crystal Palace,away,0,3,Selhurst Park,25149,Mikel Arteta,Paul Tierney,180
2021/22,32,2022-04-09,2024-03-25T16:00:00.000Z,Brighton,home,1,2,Emirates Stadium,60112,Mikel Arteta,David Coote,181
2021/22,33,2022-04-16,2024-03-25T16:00:00.000Z,Southampton,away,0,1,St Mary's Stadium,31465,Mikel Arteta,Peter Bankes,182
2021/22,25,2022-04-20,2024-03-25T20:45:00.000Z,Chelsea,away,4,2,Stamford Bridge,32249,Mikel Arteta,Jonathan Moss,183
2021/22,34,2022-04-23,2024-03-25T13:30:00.000Z,Man Utd,home,3,1,Emirates Stadium,60223,Mikel Arteta,Craig Pawson,184
2021/22,35,2022-05-01,2024-03-25T17:30:00.000Z,West Ham,away,2,1,London Stadium,59959,Mikel Arteta,Mike Dean,185
2021/22,36,2022-05-08,2024-03-25T15:00:00.000Z,Leeds,home,2,1,Emirates Stadium,60108,Mikel Arteta,Chris Kavanagh,186
2021/22,22,2022-05-12,2024-03-25T20:45:00.000Z,Tottenham,away,0,3,Tottenham Hotspur Stadium,62027,Mikel Arteta,Paul Tierney,187
2021/22,37,2022-05-16,2024-03-25T21:00:00.000Z,Newcastle,away,0,2,St James' Park,52274,Mikel Arteta,Darren England,188
2021/22,38,2022-05-22,2024-03-25T17:00:00.000Z,Everton,home,5,1,Emirates Stadium,60201,Mikel Arteta,Andre Marriner,189
2022/23,1,2022-08-05,2024-03-25T21:00:00.000Z,Crystal Palace,away,2,0,Selhurst Park,25286,Mikel Arteta,Anthony Taylor,190
2022/23,2,2022-08-13,2024-03-25T16:00:00.000Z,Leicester,home,4,2,Emirates Stadium,60033,Mikel Arteta,Darren England,191
2022/23,3,2022-08-20,2024-03-25T18:30:00.000Z,Bournemouth,away,3,0,Vitality Stadium,10423,Mikel Arteta,Craig Pawson,192
2022/23,4,2022-08-27,2024-03-25T18:30:00.000Z,Fulham,home,2,1,Emirates Stadium,60164,Mikel Arteta,Jarred Gillett,193
2022/23,5,2022-08-31,2024-03-25T20:30:00.000Z,Aston Villa,home,2,1,Emirates Stadium,60012,Mikel Arteta,Robert Jones,194
2022/23,6,2022-09-04,2024-03-25T17:30:00.000Z,Man Utd,away,1,3,Old Trafford,74310,Mikel Arteta,Paul Tierney,195
2022/23,8,2022-09-18,2024-03-25T15:00:00.000Z,Brentford,away,3,0,Brentford Community Stadium  ,17122,Mikel Arteta,David Coote,196
2022/23,9,2022-10-01,2024-03-25T13:30:00.000Z,Tottenham,home,3,1,Emirates Stadium,60278,Mikel Arteta,Anthony Taylor,197
2022/23,10,2022-10-09,2024-03-25T17:30:00.000Z,Liverpool,home,3,2,Emirates Stadium,60059,Mikel Arteta,Michael Oliver,198
2022/23,11,2022-10-16,2024-03-25T15:00:00.000Z,Leeds,away,1,0,Elland Road,36700,Mikel Arteta,Chris Kavanagh,199
2022/23,13,2022-10-23,2024-03-25T15:00:00.000Z,Southampton,away,1,1,St Mary's Stadium,31145,Mikel Arteta,Robert Jones,200
2022/23,14,2022-10-30,2024-03-25T15:00:00.000Z,Nottingham Forest,home,5,0,Emirates Stadium,60263,Mikel Arteta,Simon Hooper,201
2022/23,15,2022-11-06,2024-03-25T13:00:00.000Z,Chelsea,away,1,0,Stamford Bridge,40142,Mikel Arteta,Michael Oliver,202
2022/23,16,2022-11-12,2024-03-25T20:45:00.000Z,Wolves,away,2,0,Molineux Stadium,34624,Mikel Arteta,Stuart Attwell,203
2022/23,17,2022-12-26,2024-03-25T21:00:00.000Z,West Ham,home,3,1,Emirates Stadium,60125,Mikel Arteta,Michael Oliver,204
2022/23,18,2022-12-31,2024-03-25T18:30:00.000Z,Brighton,away,4,2,AMEX Stadium,31647,Mikel Arteta,Anthony Taylor,205
2022/23,19,2023-01-03,2024-03-25T20:45:00.000Z,Newcastle,home,0,0,Emirates Stadium,60319,Mikel Arteta,Andrew Madley,206
2022/23,20,2023-01-15,2024-03-25T17:30:00.000Z,Tottenham,away,2,0,Tottenham Hotspur Stadium,61870,Mikel Arteta,Craig Pawson,207
2022/23,21,2023-01-22,2024-03-25T17:30:00.000Z,Man Utd,home,3,2,Emirates Stadium,60325,Mikel Arteta,Anthony Taylor,208
2022/23,22,2023-02-04,2024-03-25T13:30:00.000Z,Everton,away,0,1,Goodison Park,39314,Mikel Arteta,David Coote,209
2022/23,23,2023-02-11,2024-03-25T16:00:00.000Z,Brentford,home,1,1,Emirates Stadium,60254,Mikel Arteta,Peter Bankes,210
2022/23,12,2023-02-15,2024-03-25T20:30:00.000Z,Man City,home,1,3,Emirates Stadium,60276,Mikel Arteta,Anthony Taylor,211
2022/23,24,2023-02-18,2024-03-25T13:30:00.000Z,Aston Villa,away,4,2,Villa Park,42066,Mikel Arteta,Simon Hooper,212
2022/23,25,2023-02-25,2024-03-25T16:00:00.000Z,Leicester,away,1,0,King Power Stadium,32227,Mikel Arteta,Craig Pawson,213
